gameId,summonerName,champion,kills,deaths,assists,teamPosition,win,kda,cs,timePlayed
7783080117,,Ahri,2,11,4,MIDDLE,False,0.5454545454545454,111,1386
7785709482,,Gragas,1,8,1,TOP,False,0.25,80,1082
7791456488,,Orianna,2,1,3,MIDDLE,True,5,147,930
7754307666,,Soraka,1,9,10,UTILITY,False,1.2222222222222223,25,1751
7778570069,,Viego,3,3,10,JUNGLE,True,4.333333333333333,126,1188
7788067740,,Ornn,1,5,14,TOP,True,3,138,2066
7788881335,,Zac,10,2,12,JUNGLE,True,11,152,1418
7779416036,,Jayce,0,4,3,TOP,True,0.75,109,975
7771984643,,Sylas,4,10,4,JUNGLE,False,0.8,112,1314
7756625985,,Kaisa,2,10,6,BOTTOM,False,0.8,212,1798
7790671228,,RekSai,3,7,12,JUNGLE,False,2.142857142857143,145,1589
7782744987,,Lucian,20,2,6,BOTTOM,True,13,273,1739
7772217860,,Leona,0,1,9,UTILITY,True,9,30,1220
7788273305,,Corki,4,6,2,BOTTOM,False,1,238,1715
7787200395,,Rakan,2,1,19,UTILITY,True,21,11,1433
7753930048,,Sylas,4,4,8,MIDDLE,True,3,170,1560
7762840908,,Renata,1,5,10,UTILITY,False,2.2,16,1373
7740692484,,Orianna,0,3,4,MIDDLE,True,1.3333333333333333,124,941
7785481231,,Shaco,4,7,10,UTILITY,False,2,28,1567
7776508177,,Morgana,2,9,8,UTILITY,False,1.1111111111111112,33,1675
7787331733,,Elise,0,2,1,UTILITY,False,0.5,36,946
7791649878,,Thresh,2,1,16,UTILITY,True,18,20,1528
7724727607,,Galio,0,7,6,MIDDLE,False,0.8571428571428571,209,1785
7791492390,,MasterYi,8,5,0,JUNGLE,False,1.6,186,1658
7778288529,,Aatrox,3,5,3,TOP,False,1.2,152,1550
7787856083,,Neeko,1,3,5,UTILITY,False,2,29,930
7778778905,,Lux,2,4,8,UTILITY,False,2.5,21,1593
7791777283,,LeeSin,0,0,0,JUNGLE,True,0,2,103
7788874208,,Yuumi,1,5,12,UTILITY,False,2.6,21,1536
7784243337,,Ashe,5,10,14,BOTTOM,True,1.9,300,2920
7734178424,,Smolder,0,3,1,BOTTOM,False,0.3333333333333333,90,935
7731164973,,Nautilus,2,3,13,UTILITY,True,5,30,1554
7767919767,,Zed,4,3,0,MIDDLE,False,1.3333333333333333,175,1408
7786297712,,Kaisa,2,9,4,BOTTOM,False,0.6666666666666666,146,1289
7791494542,,Kennen,17,8,6,TOP,True,2.875,193,1765
7735282668,,MissFortune,0,4,1,BOTTOM,False,0.25,104,910
7784117930,,Rakan,2,3,22,UTILITY,True,8,25,1633
7776860703,,Darius,2,5,1,TOP,False,0.6,184,1370
7772274914,,Zed,12,2,10,MIDDLE,True,11,201,1661
7782380675,,Ambessa,5,2,1,TOP,True,3,124,1122
7791796967,,Thresh,3,6,23,UTILITY,True,4.333333333333333,33,2105
7759743156,,Viego,4,4,7,JUNGLE,False,2.75,203,1723
7767896142,,Senna,10,1,8,UTILITY,True,18,26,1487
7784628228,,Yasuo,8,4,0,MIDDLE,True,2,115,919
7783483460,,Jayce,2,11,10,MIDDLE,False,1.0909090909090908,240,2086
7790576774,,MissFortune,17,4,14,BOTTOM,True,7.75,355,2727
7791552849,,Irelia,0,1,0,TOP,False,0,104,939
7774910154,,Camille,1,8,2,TOP,False,0.375,122,1103
7725798204,,Akali,5,3,11,MIDDLE,True,5.333333333333333,204,1715
7772310360,,Irelia,11,8,5,MIDDLE,False,2,283,2068
7726526148,,Sylas,3,7,9,MIDDLE,False,1.7142857142857142,185,1736
7738789098,,Lulu,1,4,21,UTILITY,True,5.5,23,2009
7747969760,,Riven,8,0,1,TOP,True,9,162,1157
7791213046,,Caitlyn,14,13,15,BOTTOM,False,2.230769230769231,308,2893
7776866939,,Rumble,8,6,8,TOP,True,2.6666666666666665,156,1685
7788960657,,Vi,2,3,14,JUNGLE,True,5.333333333333333,167,1416
7790324030,,Lissandra,3,3,7,MIDDLE,False,3.3333333333333335,193,1591
7790920677,,MonkeyKing,6,3,11,JUNGLE,True,5.666666666666667,195,1756
7789235686,,Zac,5,9,14,JUNGLE,False,2.111111111111111,205,1966
7760083871,,Soraka,3,7,22,UTILITY,False,3.5714285714285716,42,2587
7742976715,,Nautilus,3,3,6,UTILITY,False,3,30,1607
7791399295,,Poppy,2,9,8,UTILITY,False,1.1111111111111112,33,1639
7787858489,,Zed,5,1,8,JUNGLE,True,13,169,1252
7774835521,,Xayah,9,6,14,BOTTOM,True,3.8333333333333335,255,1868
7743222101,,Zoe,9,5,6,MIDDLE,False,3,235,2024
7778081456,,Qiyana,5,3,0,JUNGLE,False,1.6666666666666667,152,1188
7791750939,,Jayce,5,7,5,TOP,False,1.4285714285714286,208,1659
7780535247,,Aatrox,0,3,0,TOP,False,0,59,806
7730212653,,Gragas,8,5,14,TOP,True,4.4,180,1859
7791375960,,Ashe,3,9,6,BOTTOM,False,1,123,1398
7784361714,,Zac,2,6,15,JUNGLE,True,2.8333333333333335,212,2082
7781219359,,Lulu,3,2,11,UTILITY,True,7,17,969
7744033868,,Nidalee,2,1,5,JUNGLE,True,7,111,913
7749088982,,Renekton,2,4,6,TOP,False,2,200,1765
7791614416,,MasterYi,5,7,2,JUNGLE,False,1,124,1437
7777741339,,LeeSin,7,8,23,JUNGLE,True,3.75,213,2313
7778844513,,Gragas,8,4,2,MIDDLE,True,2.5,109,998
7762418400,,Jayce,0,3,1,TOP,False,0.3333333333333333,33,644
7783866803,,Lucian,5,2,6,BOTTOM,True,5.5,261,1671
7791103332,,Sylas,2,1,6,JUNGLE,True,8,89,926
7772644684,,Nilah,7,4,7,BOTTOM,True,3.5,166,1263
7775334458,,Renekton,3,6,11,MIDDLE,True,2.3333333333333335,181,1667
7782636042,,Camille,1,9,3,UTILITY,False,0.4444444444444444,18,1161
7786813087,,Xayah,0,5,1,BOTTOM,False,0.2,110,913
7766329508,,Sivir,6,8,14,BOTTOM,True,2.5,249,1678
7768138044,,Rakan,0,8,26,UTILITY,True,3.25,30,2080
7776238092,,Jax,1,6,2,TOP,False,0.5,83,910
7764474090,,TwistedFate,4,5,22,MIDDLE,True,5.2,190,1625
7790035927,,Gwen,11,3,4,JUNGLE,True,5,197,1308
7790309722,,LeeSin,9,6,9,JUNGLE,True,3,199,1918
7791371354,,Ezreal,0,4,4,BOTTOM,False,1,222,1544
7790255140,,Talon,8,8,2,MIDDLE,False,1.25,165,1543
7726958206,,Gangplank,10,4,7,TOP,False,4.25,281,2494
7781417973,,Yasuo,0,6,5,MIDDLE,False,0.8333333333333334,147,1294
7731866951,,Rell,0,4,23,UTILITY,True,5.75,40,1597
7780861333,,LeeSin,2,10,3,JUNGLE,False,0.5,129,1512
7783646572,,Jayce,3,8,8,TOP,True,1.375,199,1698
7778226224,,Yunara,6,10,6,BOTTOM,False,1.2,181,1681
7773775640,,LeeSin,5,6,11,JUNGLE,False,2.6666666666666665,206,1853
7789441627,,Kaisa,5,7,10,BOTTOM,True,2.142857142857143,183,1532
7729209445,,LeeSin,8,3,16,JUNGLE,True,8,210,1798
7782651302,,Anivia,7,7,10,MIDDLE,False,2.4285714285714284,177,1967
7767760701,,LeeSin,12,4,3,TOP,True,3.75,165,1481
7781519798,,Chogath,7,7,6,TOP,False,1.8571428571428572,182,1732
7781383063,,Akshan,8,7,3,MIDDLE,False,1.5714285714285714,175,1682
7784819771,,LeeSin,12,3,5,JUNGLE,True,5.666666666666667,206,1775
7774561500,,Viego,7,8,13,JUNGLE,True,2.5,139,1806
7789408778,,Jax,3,6,2,TOP,True,0.8333333333333334,179,1825
7791793419,,Kaisa,14,4,9,BOTTOM,True,5.75,175,1609
7791641940,,Thresh,1,4,7,UTILITY,False,2,25,1006
7791145100,,RekSai,6,8,11,JUNGLE,False,2.125,109,1695
7787779877,,MonkeyKing,12,1,14,JUNGLE,True,26,154,1687
7789780446,,Sejuani,5,4,19,JUNGLE,True,6,194,2066
7791359199,,Khazix,22,6,16,JUNGLE,True,6.333333333333333,232,1948
7731924396,,Kaisa,1,0,1,BOTTOM,False,2,113,922
7753929852,,Pyke,11,3,7,UTILITY,True,6,23,1105
7791263252,,Nautilus,3,9,20,UTILITY,False,2.5555555555555554,12,2329
7774060441,,LeeSin,8,9,5,JUNGLE,False,1.4444444444444444,153,1668
7791000525,,Nautilus,1,5,24,UTILITY,True,5,27,2068
7791287299,,Yasuo,2,3,7,TOP,True,3,209,1454
7754816497,,Zilean,1,5,3,UTILITY,False,0.8,38,1499
7756448781,,Leona,3,3,31,UTILITY,True,11.333333333333334,24,1915
7791787338,,Ziggs,2,1,12,BOTTOM,True,14,237,1478
7788182573,,Katarina,22,4,5,MIDDLE,True,6.75,169,1592
7791662951,,Zyra,8,0,14,JUNGLE,True,22,292,1761
7781540866,,Elise,5,5,2,JUNGLE,False,1.4,64,1103
7771111628,,LeeSin,16,8,13,JUNGLE,False,3.625,276,2773
7744598018,,Blitzcrank,2,10,14,UTILITY,True,1.6,11,1686
7791586166,,Xerath,2,2,13,MIDDLE,True,7.5,185,1516
7717701695,,Sylas,5,4,5,MIDDLE,False,2.5,148,1231
7788124495,,MissFortune,9,5,15,BOTTOM,True,4.8,272,2518
7774748406,,Jhin,9,9,7,BOTTOM,False,1.7777777777777777,155,1794
7791423792,,Leona,0,5,20,UTILITY,True,4,38,2137
7791811108,,Hwei,2,6,0,MIDDLE,False,0.3333333333333333,166,1361
7787966912,,MissFortune,11,4,11,BOTTOM,True,5.5,256,1708
7742155877,,Yunara,12,8,14,BOTTOM,False,3.25,167,1597
7787893039,,Ekko,9,3,6,MIDDLE,True,5,134,1178
7768749073,,Galio,6,4,22,MIDDLE,False,7,304,2319
7784636893,,Gragas,2,3,4,TOP,False,2,161,1682
7787069531,,Sett,4,12,12,TOP,False,1.3333333333333333,228,2528
7787178923,,KogMaw,13,10,6,UTILITY,False,1.9,96,1790
7785212844,,Hwei,8,2,14,MIDDLE,True,11,287,2435
7774453303,,LeeSin,7,8,15,JUNGLE,False,2.75,125,1812
7764263055,,Jhin,6,6,16,BOTTOM,True,3.6666666666666665,164,1541
7786864194,,Quinn,5,7,6,TOP,False,1.5714285714285714,143,1536
7773641751,,Caitlyn,9,3,3,BOTTOM,True,4,251,1546
7770243497,,Zac,5,4,13,JUNGLE,True,4.5,131,1490
7742945100,,Pantheon,5,14,16,UTILITY,False,1.5,33,2015
7781866632,,Illaoi,16,2,3,TOP,True,9.5,275,1714
7791379531,,Kaisa,8,1,9,BOTTOM,True,17,181,1273
7771491045,,Irelia,7,14,2,TOP,False,0.6428571428571429,190,1682
7768921735,,Qiyana,7,6,4,JUNGLE,False,1.8333333333333333,161,1540
7791479479,,Ornn,1,3,1,TOP,False,0.6666666666666666,152,1310
7745486030,,Lulu,3,1,6,UTILITY,True,9,21,1225
7762938547,,Milio,2,1,9,UTILITY,True,11,17,954
7772952482,,RekSai,4,5,11,JUNGLE,False,3,193,1960
7779014881,,Syndra,1,5,1,MIDDLE,False,0.4,112,912
7781117190,,Ekko,6,12,6,JUNGLE,False,1,135,1708
7791037736,,Renekton,1,7,1,TOP,False,0.2857142857142857,236,1711
7763335282,,Teemo,1,9,3,TOP,False,0.4444444444444444,130,1506
7762268463,,Yunara,2,8,19,BOTTOM,True,2.625,185,1613
7763115114,,Yunara,11,7,12,BOTTOM,False,3.2857142857142856,290,1988
7761567325,,Viego,4,3,14,JUNGLE,True,6,223,2016
7790869631,,Pantheon,4,7,8,JUNGLE,False,1.7142857142857142,168,1683
7765277826,,Briar,8,11,2,TOP,False,0.9090909090909091,189,1870
7772271380,,Orianna,7,3,4,MIDDLE,True,3.6666666666666665,238,1497
7790523869,,Aatrox,5,7,9,TOP,False,2,193,1850
7789327498,,Jhin,3,1,3,BOTTOM,True,6,125,911
7787952352,,Irelia,3,8,5,TOP,False,1,249,1731
7780477745,,Fiora,16,3,6,TOP,True,7.333333333333333,122,1243
7767899131,,Fiora,4,13,7,TOP,False,0.8461538461538461,185,1708
7729519559,,Riven,8,2,4,TOP,True,6,183,1469
7765462321,,Orianna,5,7,4,MIDDLE,False,1.2857142857142858,155,1440
7789231778,,Rengar,3,2,5,TOP,False,4,144,1360
7790678087,,Darius,18,10,7,TOP,True,2.5,230,2355
7789360775,,Kaisa,11,4,9,BOTTOM,True,5,229,1670
7788789557,,Jayce,11,13,3,TOP,True,1.0769230769230769,281,2239
7782393915,,Orianna,3,5,5,MIDDLE,False,1.6,180,1644
7791448372,,Sylas,4,4,6,MIDDLE,True,2.5,128,1322
7768013091,,Yasuo,11,5,9,TOP,True,4,234,1692
7782124577,,Yuumi,0,7,17,UTILITY,False,2.4285714285714284,14,1761
7784617065,,Yunara,4,4,1,BOTTOM,False,1.25,231,1507
7759105305,,Leblanc,3,10,2,MIDDLE,False,0.5,73,1285
7786790298,,Leblanc,4,11,12,MIDDLE,False,1.4545454545454546,187,2173
7770466409,,Pantheon,7,6,13,UTILITY,True,3.3333333333333335,29,2228
7757995280,,Gragas,8,1,18,JUNGLE,True,26,204,1781
7773116980,,Jax,3,2,1,TOP,True,2,111,1052
7787565009,,LeeSin,10,4,10,JUNGLE,True,5,188,1906
7767567517,,Ivern,2,4,2,JUNGLE,False,1,79,938
7780044944,,Leona,1,6,19,UTILITY,True,3.3333333333333335,21,1717
7786955342,,Morgana,8,2,15,MIDDLE,True,11.5,139,1543
7790628127,,MonkeyKing,10,5,7,JUNGLE,False,3.4,155,1578
7739571736,,AurelionSol,10,3,4,BOTTOM,False,4.666666666666667,199,1639
7755661923,,KSante,9,6,9,TOP,False,3,223,2199
7787309291,,Yunara,1,2,1,BOTTOM,False,1,31,418
7790055842,,Darius,11,5,0,TOP,False,2.2,166,1473
7782448266,,Nami,2,7,13,UTILITY,False,2.142857142857143,38,1877
7791707502,,Senna,3,7,9,BOTTOM,False,1.7142857142857142,205,1836
7759185955,,Caitlyn,1,9,2,BOTTOM,False,0.3333333333333333,156,1512
7736074315,,Ezreal,1,10,9,BOTTOM,False,1,206,1898
7791614874,,Lux,2,3,10,UTILITY,True,4,32,1818
7791333133,,Shen,3,4,7,TOP,False,2.5,183,1729
7774735405,,Zilean,0,3,4,UTILITY,False,1.3333333333333333,27,1114
7781077047,,LeeSin,4,1,10,JUNGLE,True,14,95,1004
7717685592,,Tryndamere,1,4,0,TOP,False,0.25,130,967
7785721784,,Syndra,4,9,1,MIDDLE,False,0.5555555555555556,207,1813
7782686346,,Talon,7,9,8,JUNGLE,False,1.6666666666666667,205,1712
7699401339,,Jayce,1,3,1,TOP,False,0.6666666666666666,212,1435
7750330365,,Neeko,6,3,15,UTILITY,True,7,47,1869
7725632848,,Viktor,8,8,1,MIDDLE,False,1.125,230,1757
7724028189,,Ezreal,1,2,4,BOTTOM,True,2.5,109,914
7761075043,,Poppy,3,8,6,JUNGLE,False,1.125,181,2007
7763128537,,Lucian,3,5,3,BOTTOM,False,1.2,100,916
7772332817,,Braum,1,12,17,UTILITY,False,1.5,18,1775
7763579908,,Lissandra,9,6,12,MIDDLE,False,3.5,204,1942
7791041087,,Senna,3,0,6,BOTTOM,True,9,129,932
7713372683,,Pyke,1,6,0,UTILITY,False,0.16666666666666666,27,1054
7784754930,,Yasuo,2,7,3,MIDDLE,False,0.7142857142857143,124,1340
7790598017,,Diana,7,4,7,MIDDLE,True,3.5,175,1589
7788047201,,Nautilus,2,7,16,UTILITY,True,2.5714285714285716,29,1740
7668158375,,Seraphine,1,9,13,UTILITY,False,1.5555555555555556,44,1730
7765975797,,Nidalee,11,6,14,JUNGLE,True,4.166666666666667,343,2748
7762709862,,Orianna,2,4,3,MIDDLE,False,1.25,252,1734
7558056569,,Corki,13,7,3,TOP,True,2.2857142857142856,231,1540
7789726659,,Xayah,8,2,6,BOTTOM,True,7,268,1732
7789827142,,Ekko,10,7,12,MIDDLE,True,3.142857142857143,270,2186
7782926470,,Yone,19,10,5,TOP,False,2.4,304,2404
7510436690,,Malphite,1,4,3,TOP,False,1,212,2038
7665580970,,Corki,15,7,13,BOTTOM,False,4,296,2361
7723305025,,Sylas,7,10,10,MIDDLE,False,1.7,231,2289
7767185115,,Nidalee,2,10,2,JUNGLE,False,0.4,167,1735
7664456740,,Kindred,8,6,11,JUNGLE,True,3.1666666666666665,183,1700
7786527423,,Nami,5,6,18,UTILITY,True,3.8333333333333335,22,1637
7789264433,,Rell,2,8,22,UTILITY,False,3,29,2101
7585592482,,Pyke,8,9,10,UTILITY,True,2,25,1483
7790493211,,Sivir,8,7,10,BOTTOM,False,2.5714285714285716,286,2119
7690219939,,Lissandra,1,5,5,TOP,False,1.2,185,1481
7727599482,,Lillia,14,1,4,JUNGLE,True,18,152,1084
7767291800,,Akali,10,3,3,MIDDLE,True,4.333333333333333,192,1587
7774959958,,Karma,4,6,18,UTILITY,True,3.6666666666666665,24,2094
7699758213,,Samira,8,5,11,BOTTOM,True,3.8,189,1625
7791790869,,Jhin,10,3,18,BOTTOM,True,9.333333333333334,249,2024
7778753607,,Graves,3,8,5,JUNGLE,False,1,153,1856
7737376329,,Cassiopeia,4,4,10,MIDDLE,True,3.5,214,1829
7679728870,,KSante,17,6,11,TOP,False,4.666666666666667,249,2320
7711793520,,Khazix,20,16,15,JUNGLE,True,2.1875,348,3241
7716042187,,Aatrox,3,7,3,TOP,False,0.8571428571428571,155,1647
7665048186,,Nautilus,3,10,9,UTILITY,False,1.2,16,1377
7790710741,,Aphelios,11,5,6,BOTTOM,True,3.4,236,1789
7751073863,,Hecarim,7,9,7,JUNGLE,False,1.5555555555555556,161,1628
7756727751,,Kaisa,3,6,3,BOTTOM,False,1,218,1870
7771345570,,LeeSin,2,7,10,JUNGLE,False,1.7142857142857142,154,1585
7790910445,,Akshan,3,1,0,MIDDLE,False,3,183,1421
7711333125,,Nami,0,1,0,UTILITY,False,0,0,378
7788713852,,Kalista,15,9,9,BOTTOM,True,2.6666666666666665,290,2334
7712788110,,Volibear,4,1,0,TOP,False,4,141,913
7655965931,,Irelia,7,9,5,TOP,False,1.3333333333333333,194,1623
7638501026,,Karma,4,6,41,UTILITY,True,7.5,39,2034
7760170703,,Neeko,5,3,3,MIDDLE,False,2.6666666666666665,209,1858
7791813746,,Thresh,2,1,21,UTILITY,True,23,39,1871
7652108731,,Yasuo,1,4,2,MIDDLE,False,0.75,174,1326
7778732661,,Vladimir,3,4,2,TOP,False,1.25,205,1687
7566080485,,Thresh,0,5,24,UTILITY,False,4.8,27,2010
7753507612,,Corki,2,4,0,BOTTOM,False,0.5,166,1281
7774447145,,Nautilus,1,2,8,UTILITY,False,4.5,26,1269
7789800545,,Yasuo,5,7,12,TOP,True,2.4285714285714284,203,1812
7788593397,,Ahri,6,3,15,MIDDLE,True,7,254,1895
7735646332,,Syndra,7,2,2,MIDDLE,False,4.5,206,1440
7575197344,,Gragas,1,6,6,TOP,False,1.1666666666666667,195,1592
7680404450,,Nocturne,6,1,0,JUNGLE,True,6,137,932
7625113654,,Gragas,6,7,22,UTILITY,False,4,25,2101
7674666491,,Sion,0,3,3,TOP,True,1,150,1158
7651463166,,Senna,2,11,5,BOTTOM,False,0.6363636363636364,173,1779
7744112264,,Kaisa,3,7,8,BOTTOM,False,1.5714285714285714,251,1984
7783215156,,Ambessa,2,5,3,TOP,False,1,205,1871
7789813172,,Soraka,0,11,8,UTILITY,False,0.7272727272727273,23,1712
7790485763,,Viego,8,2,11,JUNGLE,True,9.5,225,1757
7590777934,,Ahri,6,8,9,MIDDLE,False,1.875,217,1718
7776496532,,Viego,15,4,7,JUNGLE,True,5.5,278,2698
7777323274,,Jax,4,1,2,TOP,True,6,196,1236
7789404996,,Gragas,6,11,13,TOP,False,1.7272727272727273,184,2046
7785565383,,Naafiri,13,0,8,MIDDLE,True,21,301,2231
7704874978,,Varus,8,7,6,BOTTOM,False,2,237,1881
7771623090,,Yunara,19,12,18,BOTTOM,True,3.0833333333333335,295,2451
7781622938,,Sett,2,6,2,TOP,False,0.6666666666666666,165,1715
7775427415,,LeeSin,5,4,2,JUNGLE,False,1.75,70,911
7676771782,,LeeSin,3,4,4,JUNGLE,False,1.75,99,1104
7770849978,,Sylas,14,3,14,JUNGLE,True,9.333333333333334,181,1641
7727113966,,Jhin,4,10,4,BOTTOM,False,0.8,149,1449
7763952450,,MasterYi,6,9,4,JUNGLE,False,1.1111111111111112,136,1561
7622512882,,Hecarim,0,11,13,JUNGLE,False,1.1818181818181819,168,1846
7777061904,,DrMundo,6,6,4,TOP,False,1.6666666666666667,276,2033
7789716287,,Gnar,3,7,0,TOP,False,0.42857142857142855,79,923
7688789260,,Varus,11,6,15,BOTTOM,True,4.333333333333333,277,2221
7713616795,,Talon,6,8,13,JUNGLE,False,2.375,201,1976
7762010889,,XinZhao,1,10,6,JUNGLE,False,0.7,126,1752
7769960695,,Fizz,10,3,9,MIDDLE,True,6.333333333333333,225,1750
7780669106,,LeeSin,3,5,2,JUNGLE,False,1,112,1175
7733014866,,Mel,5,9,21,UTILITY,False,2.888888888888889,33,1751
7788290707,,Irelia,12,5,8,MIDDLE,True,4,334,2453
7783040422,,Ashe,5,7,12,BOTTOM,False,2.4285714285714284,218,1955
7791481402,,Jinx,5,7,5,BOTTOM,False,1.4285714285714286,148,1408
7791295996,,Kaisa,14,5,11,BOTTOM,True,5,217,1610
7791177669,,Veigar,2,5,3,MIDDLE,False,1,382,2312
7790242518,,Smolder,4,10,4,MIDDLE,False,0.8,200,1630
7727681983,,Pantheon,8,8,9,JUNGLE,False,2.125,113,1409
7785260043,,Malphite,8,8,8,MIDDLE,False,2,219,1928
7565298737,,Aatrox,5,5,5,TOP,False,2,213,1830
7760366144,,Aphelios,4,5,0,BOTTOM,False,0.8,222,1759
7649040381,,Shen,5,9,11,UTILITY,False,1.7777777777777777,38,1687
7784980268,,Gangplank,3,8,4,TOP,False,0.875,183,1617
7694079129,,Yone,14,9,4,TOP,False,2,294,2159
7790033637,,Nocturne,3,6,7,JUNGLE,False,1.6666666666666667,242,2338
7776822729,,Viego,7,12,8,JUNGLE,False,1.25,176,2226
7558646716,,Sylas,2,7,1,MIDDLE,False,0.42857142857142855,222,1879
7782999724,,Zilean,1,8,5,UTILITY,False,0.75,22,1238
7649973434,,Yasuo,1,9,0,MIDDLE,False,0.1111111111111111,146,1201
7619996584,,Lulu,1,2,4,UTILITY,True,2.5,29,1354
7776146636,,Zed,9,7,7,MIDDLE,False,2.2857142857142856,216,2368
7783206429,,Ekko,8,4,4,MIDDLE,True,3,260,1869
7787017595,,Chogath,3,5,4,TOP,False,1.4,190,1661
7784892174,,Lucian,8,2,1,BOTTOM,True,4.5,124,937
7783175889,,Zed,0,0,0,JUNGLE,False,0,0,103
7679646512,,Smolder,5,8,1,MIDDLE,False,0.75,236,2039
7762462697,,Aatrox,5,9,3,MIDDLE,True,0.8888888888888888,309,2450
7791005088,,Ezreal,1,7,1,BOTTOM,False,0.2857142857142857,122,1264
7696400589,,Pyke,10,8,5,UTILITY,False,1.875,30,1439
7721144314,,TwistedFate,1,3,1,MIDDLE,False,0.6666666666666666,117,943
7632475654,,Shen,1,2,4,TOP,True,2.5,141,1523
7788574670,,Sivir,7,3,22,BOTTOM,True,9.666666666666666,193,1658
7747869865,,Tristana,17,3,4,MIDDLE,True,7,198,1498
7784224253,,Sylas,4,3,4,JUNGLE,False,2.6666666666666665,111,1125
7729306001,,Swain,3,8,9,BOTTOM,False,1.5,255,1963
7762548545,,Lucian,4,6,6,BOTTOM,False,1.6666666666666667,206,1661
7791824549,,Jinx,11,6,12,JUNGLE,True,3.8333333333333335,189,1515
7732373833,,Sion,3,7,5,MIDDLE,False,1.1428571428571428,235,1859
7736207622,,MonkeyKing,11,5,9,JUNGLE,True,4,211,1795
7680963739,,Ezreal,7,6,7,BOTTOM,False,2.3333333333333335,215,1944
7717490191,,Lulu,3,3,10,UTILITY,False,4.333333333333333,31,1641
7663691652,,Pantheon,6,4,12,JUNGLE,True,4.5,189,1717
7787146980,,Trundle,12,4,8,JUNGLE,False,5,152,1785
7736287482,,Aphelios,6,4,4,BOTTOM,False,2.5,201,1523
7742982566,,Orianna,4,5,7,MIDDLE,False,2.2,264,1915
7782285810,,Leblanc,9,2,7,TOP,True,8,271,2183
7790874926,,Lulu,1,6,21,UTILITY,False,3.6666666666666665,24,1713
7763916308,,Gragas,1,3,6,TOP,False,2.3333333333333335,257,1915
7637354163,,Yasuo,2,9,1,MIDDLE,False,0.3333333333333333,162,1395
7657209827,,Nidalee,6,3,8,TOP,True,4.666666666666667,162,1296
7635851380,,Naafiri,9,6,11,JUNGLE,False,3.3333333333333335,229,2116
7698086622,,Zoe,4,3,11,MIDDLE,True,5,215,1974
7763750358,,Nidalee,10,4,13,JUNGLE,True,5.75,143,1514
7777809580,,Xerath,3,8,5,MIDDLE,False,1,178,1567
7567622329,,Talon,6,2,9,MIDDLE,True,7.5,179,1544
7785398057,,Rell,1,12,38,UTILITY,True,3.25,23,2242
7635021602,,Jax,3,3,13,TOP,True,5.333333333333333,182,1716
7602434567,,Galio,2,4,4,MIDDLE,False,1.5,199,1485
7783309549,,Jax,3,13,1,TOP,False,0.3076923076923077,177,1741
7790319546,,Gangplank,9,4,12,TOP,False,5.25,388,2710
7782681425,,Kindred,6,6,3,JUNGLE,False,1.5,188,1643
7789358565,,Viego,15,4,8,JUNGLE,True,5.75,178,1664
7783203837,,Vayne,3,5,1,JUNGLE,False,0.8,116,1155
7677429011,,Yorick,0,4,1,TOP,False,0.25,40,599
7786172745,,Volibear,6,2,7,TOP,True,6.5,177,1269
7772554349,,KSante,1,1,0,TOP,False,1,129,1017
7765473857,,Malzahar,5,9,7,MIDDLE,False,1.3333333333333333,143,1562
7676257681,,KSante,4,5,1,TOP,False,1,167,1277
7789632951,,Rakan,1,4,1,UTILITY,False,0.5,31,910
7500865831,,Yone,5,3,7,TOP,True,4,146,1259
7724510024,,Akali,5,1,1,MIDDLE,False,6,133,985
7788301514,,Gangplank,4,7,4,TOP,False,1.1428571428571428,221,1641
7790710667,,Diana,5,4,15,MIDDLE,True,5,193,1604
7616527124,,Yorick,10,1,5,TOP,True,15,221,1508
7729276414,,KogMaw,0,3,0,BOTTOM,False,0,161,1174
7787750266,,Teemo,3,14,1,TOP,False,0.2857142857142857,121,1605
7630916952,,Yasuo,1,8,6,MIDDLE,False,0.875,198,1481
7787374465,,Akali,6,6,9,MIDDLE,True,2.5,173,1704
7788218397,,Viktor,0,7,3,MIDDLE,False,0.42857142857142855,87,910
7789348151,,Lux,3,7,4,UTILITY,False,1,40,1325
7586589256,,Kaisa,1,4,0,BOTTOM,False,0.25,108,943
7782854584,,TwistedFate,5,6,11,MIDDLE,True,2.6666666666666665,243,2217
7715489976,,Sylas,9,11,4,MIDDLE,False,1.1818181818181819,146,2048
7741961291,,Karma,1,7,4,UTILITY,False,0.7142857142857143,19,1125
7763289082,,Zed,11,9,16,JUNGLE,False,3,213,2353
7724833571,,Jhin,6,7,5,BOTTOM,False,1.5714285714285714,195,1737
7786369296,,Velkoz,6,8,19,UTILITY,True,3.125,26,1687
7530954203,,LeeSin,12,4,12,JUNGLE,True,6,212,1660
7745932284,,LeeSin,4,7,8,JUNGLE,False,1.7142857142857142,149,1497
7693779056,,Jayce,12,5,9,TOP,True,4.2,289,1930
7642790790,,Irelia,3,12,9,TOP,False,1,208,1722
7675440042,,Poppy,4,8,19,UTILITY,True,2.875,40,2511
7646349147,,Jhin,8,4,10,BOTTOM,False,4.5,280,2132
7789328751,,Thresh,3,9,18,UTILITY,True,2.3333333333333335,35,1563
7766638358,,Amumu,6,11,8,JUNGLE,False,1.2727272727272727,113,2140
7788133012,,Ryze,7,8,4,MIDDLE,True,1.375,203,1623
7730371273,,XinZhao,10,5,7,JUNGLE,True,3.4,246,1953
7731435990,,Rakan,3,2,21,UTILITY,True,12,30,1752
7733010225,,Ryze,0,0,0,MIDDLE,False,0,25,241
7767004470,,Vi,4,5,6,JUNGLE,True,2,263,1879
7788191702,,TwistedFate,4,2,6,MIDDLE,True,5,247,2076
7636234436,,Elise,10,11,14,UTILITY,False,2.1818181818181817,99,3043
7720693228,,Neeko,6,9,8,UTILITY,False,1.5555555555555556,40,1541
7701937369,,Sivir,5,7,12,BOTTOM,True,2.4285714285714284,228,1653
7664736791,,Sion,1,6,10,TOP,False,1.8333333333333333,179,2051
7773698961,,Irelia,11,9,2,TOP,False,1.4444444444444444,312,2248
7790987364,,Yunara,3,4,2,BOTTOM,False,1.25,135,1152
7761316652,,Zed,13,2,15,JUNGLE,True,14,212,1817
7703527628,,Corki,8,4,8,MIDDLE,True,4,305,1623
7788843327,,Annie,5,6,15,MIDDLE,True,3.3333333333333335,309,2228
7783564464,,Karma,3,12,15,UTILITY,False,1.5,38,1921
7791188055,,Lulu,3,10,12,UTILITY,False,1.5,19,1561
7785228482,,Sylas,4,9,6,MIDDLE,False,1.1111111111111112,128,1614
7789653838,,Jinx,4,1,17,BOTTOM,True,21,245,1676
7780560293,,Tristana,0,5,3,BOTTOM,False,0.6,242,1574
7790712072,,Rell,2,3,25,UTILITY,True,9,18,1600
7789665625,,Vayne,2,8,5,TOP,False,0.875,196,1776
7791480167,,Pantheon,2,5,1,TOP,False,0.6,98,932
7791740720,,Yone,1,6,4,TOP,False,0.8333333333333334,179,1374
7781170212,,Fiora,10,4,8,TOP,True,4.5,287,1957
7779969880,,Nami,6,6,18,UTILITY,False,4,19,1917
7784795421,,Nautilus,0,3,0,JUNGLE,False,0,36,421
7787678181,,Sion,3,8,3,TOP,False,0.75,219,1621
7759894153,,Bard,1,12,23,UTILITY,False,2,41,2718
7790819152,,Galio,0,2,1,MIDDLE,False,0.5,54,495
7791443544,,Ambessa,7,5,6,TOP,True,2.6,267,2227
7790694104,,Zac,3,4,0,TOP,False,0.75,158,1497
7769977491,,Renekton,3,14,11,TOP,False,1,338,2512
7754358656,,Olaf,6,3,6,TOP,True,4,180,1562
7764573249,,Kaisa,8,3,9,BOTTOM,True,5.666666666666667,182,1441
7790760703,,Galio,6,2,8,MIDDLE,True,7,157,1161
7791647701,,Kennen,6,12,21,TOP,False,2.25,173,2515
7789776242,,Warwick,5,11,8,TOP,False,1.1818181818181819,169,2078
7789959212,,Lucian,1,4,1,BOTTOM,False,0.5,113,997
7779656501,,Aphelios,19,4,4,BOTTOM,True,5.75,295,2022
7790781391,,Kaisa,10,2,10,BOTTOM,True,10,257,2096
7791207661,,Hwei,8,2,7,MIDDLE,True,7.5,224,1722
7787995161,,Vayne,13,5,8,BOTTOM,False,4.2,250,1928
7726691562,,Pyke,6,8,14,UTILITY,False,2.5,28,1590
7790401568,,Corki,1,8,8,BOTTOM,False,1.125,318,2298
7749438405,,Kaisa,1,4,2,BOTTOM,False,0.75,149,1240
7776846846,,Blitzcrank,0,6,14,UTILITY,True,2.3333333333333335,35,1758
7791799984,,Zed,2,7,3,JUNGLE,False,0.7142857142857143,185,1754
7788147637,,Taliyah,5,8,14,MIDDLE,False,2.375,249,1901
7789923093,,Kaisa,7,0,8,BOTTOM,True,15,273,1766
7789903668,,Irelia,12,9,10,TOP,True,2.4444444444444446,250,2248
7763110069,,Jhin,2,1,5,BOTTOM,True,7,189,1235
7787650215,,Tristana,4,6,2,BOTTOM,False,1,219,1687
7791714599,,Zeri,4,8,13,BOTTOM,False,2.125,216,1786
7791315607,,Neeko,5,6,9,UTILITY,False,2.3333333333333335,26,1554
7783198352,,Lillia,8,6,7,JUNGLE,False,2.5,190,1687
7790778797,,Kaisa,4,11,2,BOTTOM,False,0.5454545454545454,186,1600
7789319615,,Braum,2,13,16,UTILITY,False,1.3846153846153846,21,1779
7786479117,,Leblanc,2,0,8,UTILITY,True,10,26,1323
7790808868,,Thresh,1,7,32,UTILITY,True,4.714285714285714,69,2017
7781871748,,Bard,2,3,3,UTILITY,False,1.6666666666666667,25,921
7788333515,,Akali,13,6,8,MIDDLE,False,3.5,294,2430
7777203048,,Gwen,3,10,11,JUNGLE,False,1.4,204,1868
7728070826,,Orianna,0,7,3,MIDDLE,False,0.42857142857142855,231,1718
7789346754,,Aatrox,8,7,3,TOP,False,1.5714285714285714,205,1861
7748337775,,Rell,0,5,20,UTILITY,True,4,17,1677
7753936324,,Braum,0,6,11,UTILITY,False,1.8333333333333333,18,2047
7748306660,,XinZhao,4,3,1,TOP,True,1.6666666666666667,188,1349
7778402964,,Galio,0,4,4,MIDDLE,False,1,209,1929
7786778845,,LeeSin,3,10,9,JUNGLE,False,1.2,90,1588
7791810619,,Rakan,0,5,26,UTILITY,True,5.2,30,1783
7785259827,,XinZhao,5,6,6,JUNGLE,False,1.8333333333333333,160,1649
7776549546,,Taric,0,9,10,UTILITY,False,1.1111111111111112,34,1960
7791816742,,Kaisa,20,3,10,BOTTOM,True,10,342,2387
7791681998,,RekSai,12,3,9,JUNGLE,True,7,178,1992
7784727441,,MonkeyKing,6,9,12,JUNGLE,False,2,156,1847
7790608461,,Ziggs,6,5,3,BOTTOM,False,1.8,134,1223
7769572686,,Diana,8,8,9,MIDDLE,False,2.125,142,1636
7785704027,,Leona,2,10,28,UTILITY,True,3,29,1893
7783564974,,Varus,9,7,7,BOTTOM,False,2.2857142857142856,249,2034
7789775955,,Sion,4,5,2,TOP,False,1.2,230,1692
7790128306,,MonkeyKing,4,3,14,JUNGLE,True,6,195,1864
7790998842,,Ambessa,1,11,8,MIDDLE,False,0.8181818181818182,136,1675
7788987645,,Camille,7,7,8,TOP,False,2.142857142857143,202,1722
7787055262,,XinZhao,7,9,10,JUNGLE,False,1.8888888888888888,216,1973
7787496609,,Jayce,11,14,9,TOP,False,1.4285714285714286,259,2339
7782423126,,Vladimir,0,7,1,TOP,False,0.14285714285714285,68,913
7783184915,,Yunara,7,6,7,BOTTOM,False,2.3333333333333335,331,2258
7774734824,,Sylas,4,15,8,UTILITY,False,0.8,36,1781
7791640631,,Aphelios,5,7,9,BOTTOM,True,2,201,1697
7790108081,,Ezreal,14,2,11,BOTTOM,True,12.5,275,1993
7785948631,,LeeSin,11,6,7,JUNGLE,True,3,195,1745
7786821575,,Veigar,8,4,6,MIDDLE,True,3.5,211,1599
7790531311,,Ornn,4,7,6,TOP,False,1.4285714285714286,193,2028
7769722234,,LeeSin,4,7,3,JUNGLE,False,1,94,1224
7782202485,,FiddleSticks,9,4,6,TOP,True,3.75,167,1392
7791681587,,Veigar,2,11,3,MIDDLE,False,0.45454545454545453,224,1864
7789132883,,MissFortune,5,8,19,BOTTOM,True,3,167,1810
7790191026,,Bard,3,12,7,UTILITY,False,0.8333333333333334,17,1754
7790034319,,Lucian,5,6,5,BOTTOM,False,1.6666666666666667,273,1696
7788693231,,Orianna,12,4,12,MIDDLE,False,6,258,2503
7789134228,,Smolder,15,5,9,BOTTOM,True,4.8,245,1657
7772465902,,Nautilus,5,4,18,UTILITY,True,5.75,16,1887
7756760734,,Sivir,7,8,13,BOTTOM,True,2.5,225,1799
7789187598,,Ezreal,2,5,3,BOTTOM,False,1,110,1220
7696998603,,Rakan,1,1,1,UTILITY,False,2,15,1042
7780767265,,Neeko,3,2,16,UTILITY,True,9.5,31,1474
7787023738,,Blitzcrank,2,9,12,UTILITY,False,1.5555555555555556,20,1893
7785434404,,Aphelios,4,2,2,BOTTOM,True,3,184,1466
7773758371,,Sylas,3,5,2,MIDDLE,False,1,146,1263
7791646412,,Yone,3,10,12,MIDDLE,False,1.5,265,2322
7789197374,,Vladimir,12,3,10,TOP,True,7.333333333333333,209,1718
7782611538,,Mel,4,5,9,UTILITY,True,2.6,37,1628
7784269548,,Yunara,15,7,9,BOTTOM,True,3.4285714285714284,262,1839
7789583371,,Briar,11,13,4,JUNGLE,False,1.1538461538461537,134,1680
7779576213,,Xayah,0,0,0,BOTTOM,False,0,0,49
7770024342,,Sylas,7,4,0,MIDDLE,False,1.75,97,969
7773674055,,Rumble,3,2,3,TOP,False,3,101,997
7788318250,,LeeSin,2,4,3,JUNGLE,False,1.25,85,923
7664976982,,Leblanc,3,2,3,MIDDLE,False,3,100,1091
7779767710,,Nautilus,1,7,1,UTILITY,False,0.2857142857142857,43,1222
7762527029,,Yunara,6,6,11,BOTTOM,True,2.8333333333333335,317,2113
7787500749,,Ezreal,4,4,6,BOTTOM,False,2.5,229,1801
7747796198,,Maokai,4,11,22,UTILITY,True,2.3636363636363638,40,1982
7785674195,,Lulu,3,14,10,UTILITY,False,0.9285714285714286,24,1688
7783947500,,Amumu,5,12,27,UTILITY,False,2.6666666666666665,29,1876
7782431192,,Ryze,3,4,3,MIDDLE,False,1.5,201,1575
7791061245,,Volibear,13,9,1,TOP,False,1.5555555555555556,205,1593
7778715054,,Yasuo,7,14,14,TOP,False,1.5,232,2214
7751881626,,Yorick,1,4,0,TOP,False,0.25,103,914
7782563680,,Yorick,7,9,9,TOP,True,1.7777777777777777,251,2018
7782664328,,Lucian,18,6,12,BOTTOM,True,5,433,2658
7787592714,,Teemo,2,4,0,TOP,False,0.5,116,923
7776479051,,Viego,7,11,11,JUNGLE,False,1.6363636363636365,123,1713
7760729861,,Viego,0,4,2,JUNGLE,False,0.5,111,917
7791532910,,Lucian,0,4,0,BOTTOM,False,0,162,1175
7791072399,,Urgot,4,5,2,TOP,True,1.2,179,1341
7790366597,,Ambessa,0,5,6,TOP,True,1.2,125,1322
7780388504,,Qiyana,4,8,5,MIDDLE,False,1.125,153,1602
7791281938,,Hwei,10,3,13,MIDDLE,True,7.666666666666667,189,2016
7790905000,,Azir,7,5,2,MIDDLE,False,1.8,228,1915
7783677987,,Fiora,4,3,1,TOP,True,1.6666666666666667,207,1363
7791176408,,Diana,6,3,16,MIDDLE,True,7.333333333333333,220,1905
7791794687,,Nidalee,15,12,11,JUNGLE,False,2.1666666666666665,231,2349
7784726908,,Kayn,6,17,11,TOP,True,1,226,1890
7787596498,,Brand,0,6,11,UTILITY,True,1.8333333333333333,30,1701
7783167850,,Shaco,4,8,1,JUNGLE,False,0.625,113,1291
7765062183,,Rumble,6,5,14,TOP,False,4,259,2105
7790784511,,Karma,1,2,19,UTILITY,True,10,51,1558
7781212943,,Aurora,3,0,0,TOP,True,3,145,911
7768986894,,Azir,3,9,10,MIDDLE,False,1.4444444444444444,268,2536
7791820744,,Draven,11,7,11,BOTTOM,True,3.142857142857143,276,2209
7791155990,,Xerath,1,6,3,UTILITY,False,0.6666666666666666,59,1359
7790916788,,Karma,2,8,2,TOP,False,0.5,143,1536
7790725393,,LeeSin,10,1,9,JUNGLE,True,19,177,1476
7771825906,,Pantheon,8,7,2,JUNGLE,False,1.4285714285714286,143,1539
7754764865,,LeeSin,7,6,15,JUNGLE,False,3.6666666666666665,204,2007
7777370790,,Anivia,0,3,7,MIDDLE,False,2.3333333333333335,161,1438
7790578430,,Kalista,2,16,1,TOP,False,0.1875,206,1813
7787734542,,Zyra,7,6,21,JUNGLE,True,4.666666666666667,210,1965
7790812800,,Caitlyn,10,5,14,BOTTOM,True,4.8,265,1747
7780711062,,Vi,0,4,2,JUNGLE,False,0.5,96,917
7784797510,,Yasuo,7,9,5,MIDDLE,False,1.3333333333333333,253,2165
7769224685,,Varus,8,14,3,TOP,False,0.7857142857142857,215,2038
7738414222,,Ezreal,2,3,8,BOTTOM,True,3.3333333333333335,253,1937
7791447496,,Fiora,0,2,3,TOP,False,1.5,141,1171
7760784486,,Kaisa,17,5,11,BOTTOM,True,5.6,288,2014
7785959892,,Galio,0,6,2,MIDDLE,False,0.3333333333333333,115,1188
7726050370,,Elise,6,10,7,UTILITY,False,1.3,37,1576
7762396966,,Aatrox,2,5,6,TOP,False,1.6,151,1498
7790267281,,Shen,11,11,15,TOP,False,2.3636363636363638,137,1884
7788602812,,Twitch,16,3,5,BOTTOM,True,7,231,1710
7785941740,,Darius,5,9,2,TOP,False,0.7777777777777778,176,1898
7790745262,,Yone,3,8,5,JUNGLE,False,1,191,1585
7775877562,,Karma,3,12,13,UTILITY,False,1.3333333333333333,74,2223
7789145285,,Swain,1,10,9,UTILITY,False,1,35,1367
7787959748,,Vi,6,8,7,JUNGLE,False,1.625,152,1721
7787811542,,Zoe,6,8,4,MIDDLE,False,1.25,161,1518
7777836236,,Nidalee,10,4,9,JUNGLE,True,4.75,180,1918
7789711882,,Zed,5,7,10,MIDDLE,True,2.142857142857143,226,1932
7779804558,,Galio,3,9,12,MIDDLE,False,1.6666666666666667,174,1638
7788758053,,Mel,0,0,0,MIDDLE,False,0,0,111
7789529135,,Varus,1,6,0,TOP,False,0.16666666666666666,224,1621
7766477763,,Zed,3,4,5,JUNGLE,True,2,219,1803
7791445182,,Yone,5,4,5,MIDDLE,False,2.5,286,1857
7789870812,,Tristana,8,7,9,BOTTOM,True,2.4285714285714284,147,1403
7788583353,,Pantheon,5,10,6,JUNGLE,False,1.1,155,1898
7776258380,,Jayce,2,3,5,TOP,False,2.3333333333333335,160,1242
7791179355,,TwistedFate,4,11,13,MIDDLE,False,1.5454545454545454,241,2191
7790078505,,Pantheon,4,7,2,JUNGLE,False,0.8571428571428571,164,1519
7791452977,,Karma,2,9,31,UTILITY,True,3.6666666666666665,35,2611
7790762995,,Hecarim,7,6,19,JUNGLE,False,4.333333333333333,235,1817
7791535462,,Pyke,2,5,3,UTILITY,False,1,28,1681
7783855862,,Alistar,2,2,16,UTILITY,True,9,17,1223
7749260683,,Xayah,6,0,9,BOTTOM,True,15,297,1834
7784044936,,Ahri,5,9,10,MIDDLE,False,1.6666666666666667,178,1691
7791786641,,LeeSin,5,5,5,JUNGLE,False,2,104,1387
7781486891,,Orianna,7,10,4,MIDDLE,False,1.1,200,1745
7787159765,,Lulu,4,0,11,UTILITY,True,15,29,1342
7791804717,,Zyra,6,1,21,JUNGLE,True,27,280,2315
7783580120,,Kalista,16,5,4,TOP,True,4,196,1623
7783700397,,Zoe,6,6,3,MIDDLE,False,1.5,260,2007
7742541511,,Kennen,8,1,4,TOP,True,12,142,1108
7779108624,,Jayce,5,11,9,MIDDLE,True,1.2727272727272727,265,2098
7748573730,,Ahri,5,6,4,MIDDLE,False,1.5,160,1626
7791466614,,Rumble,6,7,10,TOP,False,2.2857142857142856,275,2562
7791840857,,Jhin,0,0,0,BOTTOM,False,0,0,104
7786723602,,Ambessa,5,7,2,TOP,False,1,191,1598
7764091094,,Kaisa,11,4,7,BOTTOM,True,4.5,249,1589
7791237342,,Lulu,0,8,17,UTILITY,False,2.125,28,2173
7763503780,,Riven,5,4,5,TOP,False,2.5,191,1721
7784324493,,Thresh,0,7,14,UTILITY,False,2,21,1809
7783174952,,Blitzcrank,0,3,3,UTILITY,False,1,28,1129
7790646752,,Zac,1,6,2,JUNGLE,False,0.5,163,1638
7682210513,,Aatrox,9,3,14,TOP,True,7.666666666666667,215,1989
7789885142,,KSante,1,7,2,TOP,False,0.42857142857142855,217,1691
7701181574,,Zed,5,7,1,JUNGLE,False,0.8571428571428571,152,1304
7791196151,,Urgot,1,7,2,TOP,False,0.42857142857142855,164,1744
7773363315,,Akshan,5,3,4,MIDDLE,False,3,169,1418
7780092600,,Lulu,2,9,22,UTILITY,True,2.6666666666666665,12,2220
7786982295,,Illaoi,2,7,6,TOP,False,1.1428571428571428,199,1703
7761576810,,Jhin,12,7,13,BOTTOM,True,3.5714285714285716,247,2061
7779692774,,Jhin,7,3,11,BOTTOM,True,6,199,1852
7791019319,,Shaco,4,7,17,UTILITY,True,3,40,2064
7773294593,,Poppy,11,3,15,JUNGLE,True,8.666666666666666,173,1810
7787042116,,Sylas,1,6,1,MIDDLE,False,0.3333333333333333,85,922
7790283628,,Thresh,3,10,20,UTILITY,False,2.3,29,1885
7747320423,,Zed,3,1,2,MIDDLE,True,5,155,1141
7791190855,,Gragas,4,2,17,TOP,True,10.5,154,1525
7789138461,,Jayce,12,4,4,TOP,True,4,246,1713
7790479708,,Olaf,3,7,0,TOP,False,0.42857142857142855,113,915
7791401008,,Morgana,1,8,2,JUNGLE,False,0.375,85,912
7789256285,,Talon,20,16,8,MIDDLE,True,1.75,223,2354
7751437129,,Zed,8,10,9,TOP,False,1.7,184,2015
7775420537,,Ekko,13,15,6,JUNGLE,False,1.2666666666666666,226,2245
7791703908,,Zed,5,5,9,MIDDLE,True,2.8,134,1601
7791262266,,Swain,3,8,9,UTILITY,False,1.5,75,1982
7761706103,,Kennen,13,7,7,TOP,False,2.857142857142857,221,1947
7766670301,,Skarner,8,9,5,JUNGLE,False,1.4444444444444444,156,1761
7791603426,,Kaisa,2,6,1,BOTTOM,False,0.5,96,914
7787426506,,Aphelios,14,3,4,BOTTOM,True,6,194,1484
7762994092,,Smolder,3,9,6,BOTTOM,False,1,215,1775
7782975204,,Nami,1,3,19,UTILITY,False,6.666666666666667,27,2377
7770315347,,Yunara,11,9,9,BOTTOM,False,2.2222222222222223,358,2540
7786145386,,KSante,1,8,4,TOP,False,0.625,190,2104
7790149041,,Viego,6,5,5,TOP,False,2.2,201,1709
7769529687,,Lulu,1,4,16,UTILITY,True,4.25,19,1775
7750912387,,Fiora,2,6,2,TOP,False,0.6666666666666666,156,1417
7781792099,,Kayn,4,7,9,TOP,True,1.8571428571428572,165,1701
7789681514,,Aatrox,7,6,8,TOP,True,2.5,180,1573
7791101359,,LeeSin,12,4,10,JUNGLE,True,5.5,186,1686
7783003093,,Lulu,0,6,13,UTILITY,True,2.1666666666666665,18,1287
7791755320,,Sylas,9,6,3,JUNGLE,False,2,120,1475
7788786128,,Zilean,1,6,5,UTILITY,False,1,72,1732
7791277742,,Ekko,18,8,13,JUNGLE,True,3.875,115,1797
7790830564,,Azir,6,4,4,MIDDLE,True,2.5,193,1504
7777440133,,Katarina,13,9,9,MIDDLE,True,2.4444444444444446,170,1979
7789017073,,MonkeyKing,1,3,1,JUNGLE,False,0.6666666666666666,87,919
7784057150,,Malphite,0,6,3,TOP,False,0.5,110,1320
7787763535,,Shaco,8,6,3,JUNGLE,False,1.8333333333333333,162,1618
7756526174,,Viego,9,5,3,JUNGLE,True,2.4,219,1707
7785445126,,Viego,15,5,12,JUNGLE,False,5.4,279,2200
7790650077,,Xayah,5,5,1,BOTTOM,False,1.2,107,925
7790436588,,Aphelios,3,1,6,BOTTOM,True,9,223,1557
7775848061,,Ambessa,5,8,6,TOP,False,1.375,185,1624
7751876961,,XinZhao,9,2,1,JUNGLE,True,5,92,917
7791141063,,Jax,9,4,5,TOP,False,3.5,222,1678
7787334830,,Ambessa,4,8,1,TOP,False,0.625,109,1356
7790690496,,Gangplank,5,4,7,TOP,True,3,251,1686
7747012077,,Karma,1,8,19,UTILITY,True,2.5,30,2013
7785380128,,Neeko,11,6,6,MIDDLE,True,2.8333333333333335,164,1839
7787277461,,TwistedFate,1,7,8,MIDDLE,False,1.2857142857142858,250,2538
7772030171,,Renekton,5,8,13,TOP,False,2.25,260,1998
7767228915,,Aatrox,6,3,4,TOP,True,3.3333333333333335,236,1789
7784213678,,Nautilus,4,12,23,UTILITY,False,2.25,27,2041
7768296038,,Irelia,5,7,9,TOP,True,2,236,1853
7783444573,,Yone,1,14,6,MIDDLE,False,0.5,147,1526
7780605074,,Pantheon,6,5,1,MIDDLE,False,1.4,105,1020
7788722790,,Lulu,1,9,11,UTILITY,False,1.3333333333333333,33,1715
7790979579,,Sylas,6,8,14,JUNGLE,True,2.5,288,2638
7790865106,,Mel,3,5,0,UTILITY,False,0.6,8,919
7778551690,,TwistedFate,1,6,9,MIDDLE,False,1.6666666666666667,172,1600
7777419111,,Aurora,5,5,5,MIDDLE,False,2,241,1883
7789184563,,Ezreal,20,1,4,BOTTOM,True,24,184,1244
7791314004,,Gangplank,9,12,15,TOP,True,2,272,2297
7785113580,,Garen,19,6,14,TOP,True,5.5,290,2642
7770189047,,Lulu,1,5,7,UTILITY,False,1.6,28,1503
7789658092,,Sylas,8,1,3,JUNGLE,True,11,190,1545
7791828134,,Renekton,0,3,3,TOP,False,1,139,1109
7773013396,,Lillia,0,5,1,JUNGLE,False,0.2,56,1073
7787527726,,Lucian,11,2,3,BOTTOM,True,7,259,1917
7790978951,,Ziggs,5,6,6,BOTTOM,False,1.8333333333333333,226,1879
7784763745,,Vayne,4,11,1,TOP,False,0.45454545454545453,189,1803
7791433741,,Rell,0,8,18,UTILITY,True,2.25,34,1795
7779537525,,Kaisa,18,6,4,BOTTOM,False,3.6666666666666665,307,2145
7789311291,,Jax,7,3,3,TOP,True,3.3333333333333335,127,1133
7784399501,,Vladimir,14,12,12,TOP,True,2.1666666666666665,199,2136
7788289568,,Fiora,8,12,10,TOP,False,1.5,238,2070
7783147851,,Rakan,1,5,24,UTILITY,True,5,26,2076
7790034372,,Leblanc,4,4,12,MIDDLE,True,4,244,1983
7785593464,,Nautilus,7,6,2,JUNGLE,False,1.5,183,1627
7780160442,,Urgot,15,9,1,TOP,False,1.7777777777777777,211,1860
7779029169,,Jayce,3,7,4,TOP,False,1,232,1683
7779059595,,Ekko,1,8,4,MIDDLE,False,0.625,172,1560
7749418673,,Twitch,15,4,4,BOTTOM,True,4.75,146,1461
7789962425,,Ambessa,9,13,15,MIDDLE,False,1.8461538461538463,211,2659
7773326873,,Garen,10,5,2,TOP,False,2.4,255,1791
7785625324,,MonkeyKing,7,4,10,JUNGLE,False,4.25,220,1825
7780259028,,Gwen,14,7,14,TOP,True,4,210,2048
7749649082,,Aurora,2,3,7,MIDDLE,False,3,185,1630
7779382962,,Janna,0,1,6,UTILITY,True,6,22,947
7790106250,,Yuumi,1,2,22,UTILITY,True,11.5,12,1217
7763632834,,Lucian,6,4,17,BOTTOM,True,5.75,293,1987
7774954670,,Elise,6,14,7,UTILITY,False,0.9285714285714286,39,1593
7785574237,,Zed,9,4,9,MIDDLE,True,4.5,239,2092
7788074676,,Samira,10,8,13,BOTTOM,True,2.875,250,1946
7784757249,,Qiyana,11,3,11,JUNGLE,True,7.333333333333333,205,1626
7788201981,,LeeSin,11,7,5,TOP,False,2.2857142857142856,280,2464
7783493690,,Sylas,11,8,14,UTILITY,True,3.125,33,1442
7758114471,,Lulu,2,1,12,UTILITY,True,14,17,1387
7762588261,,Jhin,0,2,0,BOTTOM,False,0,121,1097
7790134718,,LeeSin,3,6,4,JUNGLE,False,1.1666666666666667,100,1029
7784211667,,Gragas,1,5,0,TOP,False,0.2,191,1652
7780240136,,LeeSin,7,1,4,JUNGLE,True,11,162,1377
7791379676,,Lux,2,13,4,UTILITY,False,0.46153846153846156,79,1683
7757453739,,Yasuo,5,10,9,MIDDLE,False,1.4,231,2374
7789285604,,Sylas,9,8,7,JUNGLE,False,2,175,1994
7783907902,,Hwei,2,3,8,MIDDLE,False,3.3333333333333335,131,1312
7774358911,,Neeko,6,8,7,UTILITY,True,1.625,64,1954
7769459074,,Akali,8,8,5,MIDDLE,False,1.625,277,2455
7789326621,,Yasuo,10,8,13,MIDDLE,True,2.875,195,1815
7773758697,,Jax,4,7,2,TOP,False,0.8571428571428571,225,1713
7791688294,,Yasuo,9,11,5,TOP,False,1.2727272727272727,192,1651
7769275555,,Swain,6,7,13,UTILITY,False,2.7142857142857144,143,2258
7785280952,,Pantheon,8,4,13,JUNGLE,True,5.25,193,1745
7769430154,,Yone,3,6,5,MIDDLE,False,1.3333333333333333,210,1749
7786489117,,Pantheon,10,6,5,JUNGLE,False,2.5,184,1903
7788349707,,Akali,9,9,5,MIDDLE,False,1.5555555555555556,206,1979
7789716340,,Elise,14,3,7,JUNGLE,True,7,187,1566
7786309189,,Sylas,14,3,9,JUNGLE,True,7.666666666666667,228,1859
7786467066,,Tryndamere,3,8,7,TOP,False,1.25,225,1949
7766902941,,Volibear,2,5,1,JUNGLE,False,0.6,114,1490
7777825301,,Elise,5,6,4,UTILITY,True,1.5,28,1359
7784775811,,Aatrox,9,6,4,TOP,True,2.1666666666666665,189,1684
7766081172,,Gangplank,7,6,7,TOP,False,2.3333333333333335,182,1606
7791807343,,Viego,5,11,11,JUNGLE,True,1.4545454545454546,162,2109
7774824950,,Akshan,11,4,2,MIDDLE,True,3.25,218,1703
7790133122,,Jhin,8,10,6,BOTTOM,False,1.4,191,1799
7789732947,,Sivir,19,4,14,BOTTOM,True,8.25,226,1499
7791842824,,Yunara,4,2,7,BOTTOM,True,5.5,195,1408
7766010198,,Morgana,2,5,20,UTILITY,True,4.4,29,1600
7774427603,,Blitzcrank,1,2,16,UTILITY,True,8.5,21,1584
7790453573,,Yone,1,7,5,TOP,False,0.8571428571428571,185,1553
7754035672,,Kassadin,0,16,6,MIDDLE,False,0.375,144,1861
7758605313,,Galio,2,1,5,MIDDLE,False,7,181,1307
7767046189,,Yunara,2,5,8,BOTTOM,True,2,246,1675
7791232164,,Sivir,6,8,20,BOTTOM,True,3.25,214,2096
7780067304,,Kaisa,8,9,6,BOTTOM,False,1.5555555555555556,156,1461
7786643902,,Xayah,7,7,13,BOTTOM,True,2.857142857142857,176,1729
7789992800,,Kaisa,11,3,15,BOTTOM,True,8.666666666666666,228,1909
7791549186,,Azir,8,8,9,MIDDLE,True,2.125,280,2376
7789503382,,Neeko,1,5,2,UTILITY,False,0.6,17,944
7791101015,,Aphelios,14,4,5,BOTTOM,True,4.75,211,1658
7748498279,,Ahri,3,3,2,MIDDLE,False,1.6666666666666667,189,1499
7790379835,,Alistar,0,8,15,UTILITY,False,1.875,29,1929
7777819014,,Garen,4,9,5,TOP,False,1,188,1737
7789570470,,Zed,2,11,5,TOP,False,0.6363636363636364,239,2110
7770995703,,Warwick,10,12,11,JUNGLE,True,1.75,209,2152
7770126173,,Graves,3,3,0,JUNGLE,False,1,150,1223
7791413097,,Sylas,15,6,7,JUNGLE,True,3.6666666666666665,138,1419
7787180904,,Qiyana,6,7,10,MIDDLE,False,2.2857142857142856,164,1715
7783646749,,JarvanIV,7,3,5,JUNGLE,True,4,132,1289
7784950562,,Jhin,9,9,6,BOTTOM,False,1.6666666666666667,186,1749
7789084999,,MissFortune,11,3,15,BOTTOM,True,8.666666666666666,232,1831
7753785193,,Volibear,15,6,7,TOP,True,3.6666666666666665,206,1760
7775546718,,Pyke,11,7,13,UTILITY,False,3.4285714285714284,36,1807
7768711660,,TwistedFate,5,4,16,MIDDLE,True,5.25,214,1897
7788173776,,Nautilus,1,8,11,UTILITY,False,1.5,17,1633
7766067393,,Renekton,5,7,11,TOP,True,2.2857142857142856,256,2398
7785841946,,XinZhao,3,6,5,JUNGLE,False,1.3333333333333333,178,1654
7760450245,,Zoe,0,0,1,UTILITY,True,1,9,299
7749692646,,Renekton,7,4,7,TOP,False,3.5,237,1952
7783218858,,KSante,3,4,1,TOP,False,1,211,1571
7781818199,,Warwick,14,10,10,TOP,True,2.4,171,2367
7784253437,,Sylas,13,10,9,JUNGLE,True,2.2,178,1864
7785567402,,RekSai,18,5,16,JUNGLE,True,6.8,249,2505
7789802983,,Yasuo,3,5,4,TOP,True,1.4,201,1508
7769549676,,Ryze,10,4,5,TOP,True,3.75,301,2071
7779033798,,Pantheon,5,9,2,JUNGLE,False,0.7777777777777778,139,1657
7789129805,,Zoe,9,9,13,MIDDLE,False,2.4444444444444446,225,2191
7791227921,,KSante,14,0,6,TOP,True,20,244,1807
7781811571,,Leblanc,12,9,5,MIDDLE,False,1.8888888888888888,222,2387
7746770256,,Braum,1,9,12,UTILITY,False,1.4444444444444444,29,1512
7787486876,,Kassadin,6,6,2,MIDDLE,False,1.3333333333333333,179,1677
7790589223,,Ezreal,2,7,9,BOTTOM,False,1.5714285714285714,218,1664
7784926085,,MissFortune,6,3,14,BOTTOM,False,6.666666666666667,251,2010
7747698046,,Kled,5,10,12,TOP,True,1.7,197,2054
7790388019,,Xerath,5,4,16,UTILITY,True,5.25,33,1635
7790572835,,Xerath,4,6,14,MIDDLE,False,3,184,1757
7783420402,,Vi,7,9,16,JUNGLE,False,2.5555555555555554,199,2288
7791838530,,Sett,3,5,8,TOP,True,2.2,146,1685
7789763094,,Yone,6,9,6,TOP,False,1.3333333333333333,252,2343
7785320318,,Yasuo,1,10,2,BOTTOM,False,0.3,147,1440
7753270485,,Hwei,4,7,5,UTILITY,False,1.2857142857142858,116,1911
7787274967,,MissFortune,4,10,11,BOTTOM,False,1.5,268,2045
7768295526,,MasterYi,17,9,3,JUNGLE,True,2.2222222222222223,182,2069
7791472713,,Zeri,14,9,8,BOTTOM,True,2.4444444444444446,309,2360
7780224704,,Xerath,3,10,13,UTILITY,False,1.6,88,2740
7791380703,,Vladimir,4,10,1,TOP,False,0.5,109,1194
7768159290,,Lucian,1,4,1,BOTTOM,False,0.5,104,911
7787765889,,Zed,13,5,8,MIDDLE,True,4.2,166,1704
7789701104,,Soraka,1,2,1,UTILITY,False,1,18,873
7791470649,,Lulu,1,5,21,UTILITY,True,4.4,32,1794
7775941414,,Orianna,8,3,17,MIDDLE,True,8.333333333333334,271,1850
7791010939,,Ambessa,15,3,10,TOP,True,8.333333333333334,263,2204
7789215571,,Aphelios,9,0,2,BOTTOM,True,11,190,1213
7781261245,,Morgana,1,7,7,UTILITY,False,1.1428571428571428,50,1593
7790092452,,Kaisa,8,3,10,BOTTOM,True,6,210,1429
7777692656,,Irelia,2,12,2,TOP,False,0.3333333333333333,164,1585
7778649090,,Kaisa,13,2,6,BOTTOM,True,9.5,277,1960
7772704666,,Vladimir,0,5,2,MIDDLE,False,0.4,261,1728
7791812411,,Lux,3,5,21,UTILITY,False,4.8,73,2242
